clip_id,clip_name,logical_clip_name,source_path,format_family,adapter_name,capture_label,requested_ratio,requested_frame_index,requested_seconds,actual_frame_index,actual_seconds,actual_timecode,actual_timecode_source,image_path,status,warnings,errors
candidate-0001,A001_A001_01109A_001.R3D,,/Volumes/HOTDRIVE/뜸들이다/001_촬영본/260111/001_a캠/R#1/A001_A001_01109A.RDC/A001_A001_01109A_001.R3D,r3d,r3d_adapter,Start,0.0,0,,0,0.0,23:21:39:01,native_adapter,,success,,
candidate-0001,A001_A001_01109A_001.R3D,,/Volumes/HOTDRIVE/뜸들이다/001_촬영본/260111/001_a캠/R#1/A001_A001_01109A.RDC/A001_A001_01109A_001.R3D,r3d,r3d_adapter,End,1.0,702,,702,29.25,23:22:08:07 (calculated),calculated,,success,,
candidate-0002,A001_A002_01104X_001.R3D,,/Volumes/HOTDRIVE/뜸들이다/001_촬영본/260111/001_a캠/R#1/A001_A002_01104X.RDC/A001_A002_01104X_001.R3D,r3d,r3d_adapter,Start,0.0,0,,0,0.0,23:22:40:02,native_adapter,,success,,
candidate-0002,A001_A002_01104X_001.R3D,,/Volumes/HOTDRIVE/뜸들이다/001_촬영본/260111/001_a캠/R#1/A001_A002_01104X.RDC/A001_A002_01104X_001.R3D,r3d,r3d_adapter,End,1.0,453,,453,18.875,23:22:58:23 (calculated),calculated,,success,,
candidate-0003,A001_A003_0110FS_001.R3D,,/Volumes/HOTDRIVE/뜸들이다/001_촬영본/260111/001_a캠/R#1/A001_A003_0110FS.RDC/A001_A003_0110FS_001.R3D,r3d,r3d_adapter,Start,0.0,0,,0,0.0,23:23:20:09,native_adapter,,success,,
candidate-0003,A001_A003_0110FS_001.R3D,,/Volumes/HOTDRIVE/뜸들이다/001_촬영본/260111/001_a캠/R#1/A001_A003_0110FS.RDC/A001_A003_0110FS_001.R3D,r3d,r3d_adapter,End,1.0,709,,709,29.541666666666668,23:23:49:22 (calculated),calculated,,success,,
candidate-0004,A001_A004_0110ES_001.R3D,,/Volumes/HOTDRIVE/뜸들이다/001_촬영본/260111/001_a캠/R#1/A001_A004_0110ES.RDC/A001_A004_0110ES_001.R3D,r3d,r3d_adapter,Start,0.0,0,,0,0.0,23:43:51:14,native_adapter,,success,,
candidate-0004,A001_A004_0110ES_001.R3D,,/Volumes/HOTDRIVE/뜸들이다/001_촬영본/260111/001_a캠/R#1/A001_A004_0110ES.RDC/A001_A004_0110ES_001.R3D,r3d,r3d_adapter,End,1.0,694,,694,28.916666666666668,23:44:20:12 (calculated),calculated,,success,,
candidate-0005,A001_A005_0110CR_001.R3D,,/Volumes/HOTDRIVE/뜸들이다/001_촬영본/260111/001_a캠/R#1/A001_A005_0110CR.RDC/A001_A005_0110CR_001.R3D,r3d,r3d_adapter,Start,0.0,0,,0,0.0,23:44:52:01,native_adapter,,success,,
candidate-0005,A001_A005_0110CR_001.R3D,,/Volumes/HOTDRIVE/뜸들이다/001_촬영본/260111/001_a캠/R#1/A001_A005_0110CR.RDC/A001_A005_0110CR_001.R3D,r3d,r3d_adapter,End,1.0,762,,762,31.75,23:45:23:19 (calculated),calculated,,success,,
candidate-0006,A001_A006_01103C_001.R3D,,/Volumes/HOTDRIVE/뜸들이다/001_촬영본/260111/001_a캠/R#1/A001_A006_01103C.RDC/A001_A006_01103C_001.R3D,r3d,r3d_adapter,Start,0.0,0,,0,0.0,23:50:07:01,native_adapter,,success,,
candidate-0006,A001_A006_01103C_001.R3D,,/Volumes/HOTDRIVE/뜸들이다/001_촬영본/260111/001_a캠/R#1/A001_A006_01103C.RDC/A001_A006_01103C_001.R3D,r3d,r3d_adapter,End,1.0,361,,361,15.041666666666666,23:50:22:02 (calculated),calculated,,success,,
candidate-0007,A001_A007_0110FW_001.R3D,,/Volumes/HOTDRIVE/뜸들이다/001_촬영본/260111/001_a캠/R#1/A001_A007_0110FW.RDC/A001_A007_0110FW_001.R3D,r3d,r3d_adapter,Start,0.0,0,,0,0.0,23:51:18:04,native_adapter,,success,,
candidate-0007,A001_A007_0110FW_001.R3D,,/Volumes/HOTDRIVE/뜸들이다/001_촬영본/260111/001_a캠/R#1/A001_A007_0110FW.RDC/A001_A007_0110FW_001.R3D,r3d,r3d_adapter,End,1.0,273,,273,11.375,23:51:29:13 (calculated),calculated,,success,,
candidate-0008,A001_A008_0110BQ_001.R3D,,/Volumes/HOTDRIVE/뜸들이다/001_촬영본/260111/001_a캠/R#1/A001_A008_0110BQ.RDC/A001_A008_0110BQ_001.R3D,r3d,r3d_adapter,Start,0.0,0,,0,0.0,23:52:17:00,native_adapter,,success,,
candidate-0008,A001_A008_0110BQ_001.R3D,,/Volumes/HOTDRIVE/뜸들이다/001_촬영본/260111/001_a캠/R#1/A001_A008_0110BQ.RDC/A001_A008_0110BQ_001.R3D,r3d,r3d_adapter,End,1.0,539,,539,22.458333333333332,23:52:39:11 (calculated),calculated,,success,,
candidate-0009,A001_A009_0110H4_001.R3D,A001_A009_0110H4,/Volumes/HOTDRIVE/뜸들이다/001_촬영본/260111/001_a캠/R#1/A001_A009_0110H4.RDC/A001_A009_0110H4_001.R3D,r3d,r3d_adapter,Start,0.0,0,,0,0.0,00:01:35:20,native_adapter,,success,,
candidate-0009,A001_A009_0110H4_001.R3D,A001_A009_0110H4,/Volumes/HOTDRIVE/뜸들이다/001_촬영본/260111/001_a캠/R#1/A001_A009_0110H4.RDC/A001_A009_0110H4_001.R3D,r3d,r3d_adapter,End,1.0,1272,,1272,53.0,00:02:28:20 (calculated),calculated,,success,,
candidate-0010,A001_A010_0111RO_001.R3D,,/Volumes/HOTDRIVE/뜸들이다/001_촬영본/260111/001_a캠/R#1/A001_A010_0111RO.RDC/A001_A010_0111RO_001.R3D,r3d,r3d_adapter,Start,0.0,0,,0,0.0,00:25:32:08,native_adapter,,success,,
candidate-0010,A001_A010_0111RO_001.R3D,,/Volumes/HOTDRIVE/뜸들이다/001_촬영본/260111/001_a캠/R#1/A001_A010_0111RO.RDC/A001_A010_0111RO_001.R3D,r3d,r3d_adapter,End,1.0,818,,818,34.083333333333336,00:26:06:10 (calculated),calculated,,success,,
candidate-0011,A001_A011_01118E_001.R3D,A001_A011_01118E,/Volumes/HOTDRIVE/뜸들이다/001_촬영본/260111/001_a캠/R#1/A001_A011_01118E.RDC/A001_A011_01118E_001.R3D,r3d,r3d_adapter,Start,0.0,0,,0,0.0,00:26:54:22,native_adapter,,success,,
candidate-0011,A001_A011_01118E_001.R3D,A001_A011_01118E,/Volumes/HOTDRIVE/뜸들이다/001_촬영본/260111/001_a캠/R#1/A001_A011_01118E.RDC/A001_A011_01118E_001.R3D,r3d,r3d_adapter,End,1.0,1083,,1083,45.125,00:27:40:01 (calculated),calculated,,success,,
candidate-0012,A001_A012_01119S_001.R3D,,/Volumes/HOTDRIVE/뜸들이다/001_촬영본/260111/001_a캠/R#1/A001_A012_01119S.RDC/A001_A012_01119S_001.R3D,r3d,r3d_adapter,Start,0.0,0,,0,0.0,01:16:24:13,native_adapter,,success,,
candidate-0012,A001_A012_01119S_001.R3D,,/Volumes/HOTDRIVE/뜸들이다/001_촬영본/260111/001_a캠/R#1/A001_A012_01119S.RDC/A001_A012_01119S_001.R3D,r3d,r3d_adapter,End,1.0,522,,522,21.75,01:16:46:07 (calculated),calculated,,success,,
candidate-0013,A001_A013_01115L_001.R3D,,/Volumes/HOTDRIVE/뜸들이다/001_촬영본/260111/001_a캠/R#1/A001_A013_01115L.RDC/A001_A013_01115L_001.R3D,r3d,r3d_adapter,Start,0.0,0,,0,0.0,01:19:05:10,native_adapter,,success,,
candidate-0013,A001_A013_01115L_001.R3D,,/Volumes/HOTDRIVE/뜸들이다/001_촬영본/260111/001_a캠/R#1/A001_A013_01115L.RDC/A001_A013_01115L_001.R3D,r3d,r3d_adapter,End,1.0,488,,488,20.333333333333332,01:19:25:18 (calculated),calculated,,success,,
candidate-0014,A001_A014_0111JY_001.R3D,,/Volumes/HOTDRIVE/뜸들이다/001_촬영본/260111/001_a캠/R#1/A001_A014_0111JY.RDC/A001_A014_0111JY_001.R3D,r3d,r3d_adapter,Start,0.0,0,,0,0.0,01:23:43:18,native_adapter,,success,,
candidate-0014,A001_A014_0111JY_001.R3D,,/Volumes/HOTDRIVE/뜸들이다/001_촬영본/260111/001_a캠/R#1/A001_A014_0111JY.RDC/A001_A014_0111JY_001.R3D,r3d,r3d_adapter,End,1.0,481,,481,20.041666666666668,01:24:03:19 (calculated),calculated,,success,,
candidate-0015,A001_A015_01119A_001.R3D,,/Volumes/HOTDRIVE/뜸들이다/001_촬영본/260111/001_a캠/R#1/A001_A015_01119A.RDC/A001_A015_01119A_001.R3D,r3d,r3d_adapter,Start,0.0,0,,0,0.0,01:24:25:09,native_adapter,,success,,
candidate-0015,A001_A015_01119A_001.R3D,,/Volumes/HOTDRIVE/뜸들이다/001_촬영본/260111/001_a캠/R#1/A001_A015_01119A.RDC/A001_A015_01119A_001.R3D,r3d,r3d_adapter,End,1.0,760,,760,31.666666666666668,01:24:57:01 (calculated),calculated,,success,,
candidate-0016,A001_A016_0111BN_001.R3D,,/Volumes/HOTDRIVE/뜸들이다/001_촬영본/260111/001_a캠/R#1/A001_A016_0111BN.RDC/A001_A016_0111BN_001.R3D,r3d,r3d_adapter,Start,0.0,0,,0,0.0,01:25:36:03,native_adapter,,success,,
candidate-0016,A001_A016_0111BN_001.R3D,,/Volumes/HOTDRIVE/뜸들이다/001_촬영본/260111/001_a캠/R#1/A001_A016_0111BN.RDC/A001_A016_0111BN_001.R3D,r3d,r3d_adapter,End,1.0,674,,674,28.083333333333332,01:26:04:05 (calculated),calculated,,success,,
candidate-0017,A001_A017_01116D_001.R3D,,/Volumes/HOTDRIVE/뜸들이다/001_촬영본/260111/001_a캠/R#1/A001_A017_01116D.RDC/A001_A017_01116D_001.R3D,r3d,r3d_adapter,Start,0.0,0,,0,0.0,01:26:39:01,native_adapter,,success,,
candidate-0017,A001_A017_01116D_001.R3D,,/Volumes/HOTDRIVE/뜸들이다/001_촬영본/260111/001_a캠/R#1/A001_A017_01116D.RDC/A001_A017_01116D_001.R3D,r3d,r3d_adapter,End,1.0,462,,462,19.25,01:26:58:07 (calculated),calculated,,success,,
candidate-0018,A001_A018_0111Z0_001.R3D,,/Volumes/HOTDRIVE/뜸들이다/001_촬영본/260111/001_a캠/R#1/A001_A018_0111Z0.RDC/A001_A018_0111Z0_001.R3D,r3d,r3d_adapter,Start,0.0,0,,0,0.0,01:30:59:20,native_adapter,,success,,
candidate-0018,A001_A018_0111Z0_001.R3D,,/Volumes/HOTDRIVE/뜸들이다/001_촬영본/260111/001_a캠/R#1/A001_A018_0111Z0.RDC/A001_A018_0111Z0_001.R3D,r3d,r3d_adapter,End,1.0,606,,606,25.25,01:31:25:02 (calculated),calculated,,success,,
candidate-0019,A001_A019_0111U4_001.R3D,,/Volumes/HOTDRIVE/뜸들이다/001_촬영본/260111/001_a캠/R#1/A001_A019_0111U4.RDC/A001_A019_0111U4_001.R3D,r3d,r3d_adapter,Start,0.0,0,,0,0.0,01:31:31:04,native_adapter,,success,,
candidate-0019,A001_A019_0111U4_001.R3D,,/Volumes/HOTDRIVE/뜸들이다/001_촬영본/260111/001_a캠/R#1/A001_A019_0111U4.RDC/A001_A019_0111U4_001.R3D,r3d,r3d_adapter,End,1.0,527,,527,21.958333333333332,01:31:53:03 (calculated),calculated,,success,,
candidate-0020,A001_A020_0111MO_001.R3D,,/Volumes/HOTDRIVE/뜸들이다/001_촬영본/260111/001_a캠/R#1/A001_A020_0111MO.RDC/A001_A020_0111MO_001.R3D,r3d,r3d_adapter,Start,0.0,0,,0,0.0,01:35:13:08,native_adapter,,success,,
candidate-0020,A001_A020_0111MO_001.R3D,,/Volumes/HOTDRIVE/뜸들이다/001_촬영본/260111/001_a캠/R#1/A001_A020_0111MO.RDC/A001_A020_0111MO_001.R3D,r3d,r3d_adapter,End,1.0,831,,831,34.625,01:35:47:23 (calculated),calculated,,success,,
candidate-0021,A001_A021_0111JH_001.R3D,,/Volumes/HOTDRIVE/뜸들이다/001_촬영본/260111/001_a캠/R#1/A001_A021_0111JH.RDC/A001_A021_0111JH_001.R3D,r3d,r3d_adapter,Start,0.0,0,,0,0.0,01:36:23:19,native_adapter,,success,,
candidate-0021,A001_A021_0111JH_001.R3D,,/Volumes/HOTDRIVE/뜸들이다/001_촬영본/260111/001_a캠/R#1/A001_A021_0111JH.RDC/A001_A021_0111JH_001.R3D,r3d,r3d_adapter,End,1.0,647,,647,26.958333333333332,01:36:50:18 (calculated),calculated,,success,,
candidate-0022,A001_A022_0111FQ_001.R3D,,/Volumes/HOTDRIVE/뜸들이다/001_촬영본/260111/001_a캠/R#1/A001_A022_0111FQ.RDC/A001_A022_0111FQ_001.R3D,r3d,r3d_adapter,Start,0.0,0,,0,0.0,01:44:18:21,native_adapter,,success,,
candidate-0022,A001_A022_0111FQ_001.R3D,,/Volumes/HOTDRIVE/뜸들이다/001_촬영본/260111/001_a캠/R#1/A001_A022_0111FQ.RDC/A001_A022_0111FQ_001.R3D,r3d,r3d_adapter,End,1.0,876,,876,36.5,01:44:55:09 (calculated),calculated,,success,,
candidate-0023,A001_A023_0111SU_001.R3D,,/Volumes/HOTDRIVE/뜸들이다/001_촬영본/260111/001_a캠/R#1/A001_A023_0111SU.RDC/A001_A023_0111SU_001.R3D,r3d,r3d_adapter,Start,0.0,0,,0,0.0,01:45:06:08,native_adapter,,success,,
candidate-0023,A001_A023_0111SU_001.R3D,,/Volumes/HOTDRIVE/뜸들이다/001_촬영본/260111/001_a캠/R#1/A001_A023_0111SU.RDC/A001_A023_0111SU_001.R3D,r3d,r3d_adapter,End,1.0,712,,712,29.666666666666668,01:45:36:00 (calculated),calculated,,success,,
candidate-0024,A001_A024_0111M1_001.R3D,,/Volumes/HOTDRIVE/뜸들이다/001_촬영본/260111/001_a캠/R#1/A001_A024_0111M1.RDC/A001_A024_0111M1_001.R3D,r3d,r3d_adapter,Start,0.0,0,,0,0.0,01:46:17:00,native_adapter,,success,,
candidate-0024,A001_A024_0111M1_001.R3D,,/Volumes/HOTDRIVE/뜸들이다/001_촬영본/260111/001_a캠/R#1/A001_A024_0111M1.RDC/A001_A024_0111M1_001.R3D,r3d,r3d_adapter,End,1.0,603,,603,25.125,01:46:42:03 (calculated),calculated,,success,,
candidate-0025,A001_A025_011104_001.R3D,A001_A025_011104,/Volumes/HOTDRIVE/뜸들이다/001_촬영본/260111/001_a캠/R#1/A001_A025_011104.RDC/A001_A025_011104_001.R3D,r3d,r3d_adapter,Start,0.0,0,,0,0.0,01:58:28:18,native_adapter,,success,,
candidate-0025,A001_A025_011104_001.R3D,A001_A025_011104,/Volumes/HOTDRIVE/뜸들이다/001_촬영본/260111/001_a캠/R#1/A001_A025_011104.RDC/A001_A025_011104_001.R3D,r3d,r3d_adapter,End,1.0,1307,,1307,54.458333333333336,01:59:23:05 (calculated),calculated,,success,,
candidate-0026,A001_A026_0111R2_001.R3D,A001_A026_0111R2,/Volumes/HOTDRIVE/뜸들이다/001_촬영본/260111/001_a캠/R#1/A001_A026_0111R2.RDC/A001_A026_0111R2_001.R3D,r3d,r3d_adapter,Start,0.0,0,,0,0.0,02:01:42:15,native_adapter,,success,,
candidate-0026,A001_A026_0111R2_001.R3D,A001_A026_0111R2,/Volumes/HOTDRIVE/뜸들이다/001_촬영본/260111/001_a캠/R#1/A001_A026_0111R2.RDC/A001_A026_0111R2_001.R3D,r3d,r3d_adapter,End,1.0,1243,,1243,51.791666666666664,02:02:34:10 (calculated),calculated,,success,,
candidate-0027,A001_A027_0111X2_001.R3D,A001_A027_0111X2,/Volumes/HOTDRIVE/뜸들이다/001_촬영본/260111/001_a캠/R#1/A001_A027_0111X2.RDC/A001_A027_0111X2_001.R3D,r3d,r3d_adapter,Start,0.0,0,,0,0.0,02:02:55:04,native_adapter,,success,,
candidate-0027,A001_A027_0111X2_001.R3D,A001_A027_0111X2,/Volumes/HOTDRIVE/뜸들이다/001_촬영본/260111/001_a캠/R#1/A001_A027_0111X2.RDC/A001_A027_0111X2_001.R3D,r3d,r3d_adapter,End,1.0,1050,,1050,43.75,02:03:38:22 (calculated),calculated,,success,,
candidate-0028,A001_A028_0111OR_001.R3D,,/Volumes/HOTDRIVE/뜸들이다/001_촬영본/260111/001_a캠/R#1/A001_A028_0111OR.RDC/A001_A028_0111OR_001.R3D,r3d,r3d_adapter,Start,0.0,0,,0,0.0,02:09:18:00,native_adapter,,success,,
candidate-0028,A001_A028_0111OR_001.R3D,,/Volumes/HOTDRIVE/뜸들이다/001_촬영본/260111/001_a캠/R#1/A001_A028_0111OR.RDC/A001_A028_0111OR_001.R3D,r3d,r3d_adapter,End,1.0,1019,,1019,42.458333333333336,02:10:00:11 (calculated),calculated,,success,,
candidate-0029,A001_A029_01118C_001.R3D,,/Volumes/HOTDRIVE/뜸들이다/001_촬영본/260111/001_a캠/R#1/A001_A029_01118C.RDC/A001_A029_01118C_001.R3D,r3d,r3d_adapter,Start,0.0,0,,0,0.0,02:11:17:11,native_adapter,,success,,
candidate-0029,A001_A029_01118C_001.R3D,,/Volumes/HOTDRIVE/뜸들이다/001_촬영본/260111/001_a캠/R#1/A001_A029_01118C.RDC/A001_A029_01118C_001.R3D,r3d,r3d_adapter,End,1.0,639,,639,26.625,02:11:44:02 (calculated),calculated,,success,,
candidate-0030,A001_A005_0111RH_001.R3D,,/Volumes/HOTDRIVE/뜸들이다/001_촬영본/260111/001_a캠/R#2/A001_A005_0111RH.RDC/A001_A005_0111RH_001.R3D,r3d,r3d_adapter,Start,0.0,0,,0,0.0,09:48:55:02,native_adapter,,success,,
candidate-0030,A001_A005_0111RH_001.R3D,,/Volumes/HOTDRIVE/뜸들이다/001_촬영본/260111/001_a캠/R#2/A001_A005_0111RH.RDC/A001_A005_0111RH_001.R3D,r3d,r3d_adapter,End,1.0,1081,,1081,45.041666666666664,09:49:40:03 (calculated),calculated,,success,,
candidate-0031,A001_A006_0111NO_001.R3D,,/Volumes/HOTDRIVE/뜸들이다/001_촬영본/260111/001_a캠/R#2/A001_A006_0111NO.RDC/A001_A006_0111NO_001.R3D,r3d,r3d_adapter,Start,0.0,0,,0,0.0,09:59:10:10,native_adapter,,success,,
candidate-0031,A001_A006_0111NO_001.R3D,,/Volumes/HOTDRIVE/뜸들이다/001_촬영본/260111/001_a캠/R#2/A001_A006_0111NO.RDC/A001_A006_0111NO_001.R3D,r3d,r3d_adapter,End,1.0,714,,714,29.75,09:59:40:04 (calculated),calculated,,success,,
candidate-0032,A001_A007_0111NE_001.R3D,,/Volumes/HOTDRIVE/뜸들이다/001_촬영본/260111/001_a캠/R#2/A001_A007_0111NE.RDC/A001_A007_0111NE_001.R3D,r3d,r3d_adapter,Start,0.0,0,,0,0.0,10:03:03:19,native_adapter,,success,,
candidate-0032,A001_A007_0111NE_001.R3D,,/Volumes/HOTDRIVE/뜸들이다/001_촬영본/260111/001_a캠/R#2/A001_A007_0111NE.RDC/A001_A007_0111NE_001.R3D,r3d,r3d_adapter,End,1.0,856,,856,35.666666666666664,10:03:39:11 (calculated),calculated,,success,,
candidate-0033,A001_A008_01112Q_001.R3D,,/Volumes/HOTDRIVE/뜸들이다/001_촬영본/260111/001_a캠/R#2/A001_A008_01112Q.RDC/A001_A008_01112Q_001.R3D,r3d,r3d_adapter,Start,0.0,0,,0,0.0,10:04:06:14,native_adapter,,success,,
candidate-0033,A001_A008_01112Q_001.R3D,,/Volumes/HOTDRIVE/뜸들이다/001_촬영본/260111/001_a캠/R#2/A001_A008_01112Q.RDC/A001_A008_01112Q_001.R3D,r3d,r3d_adapter,End,1.0,605,,605,25.208333333333332,10:04:31:19 (calculated),calculated,,success,,
candidate-0034,A001_A009_01114J_001.R3D,,/Volumes/HOTDRIVE/뜸들이다/001_촬영본/260111/001_a캠/R#2/A001_A009_01114J.RDC/A001_A009_01114J_001.R3D,r3d,r3d_adapter,Start,0.0,0,,0,0.0,10:09:54:20,native_adapter,,success,,
candidate-0034,A001_A009_01114J_001.R3D,,/Volumes/HOTDRIVE/뜸들이다/001_촬영본/260111/001_a캠/R#2/A001_A009_01114J.RDC/A001_A009_01114J_001.R3D,r3d,r3d_adapter,End,1.0,571,,571,23.791666666666668,10:10:18:15 (calculated),calculated,,success,,
candidate-0035,A001_A010_0111C6_001.R3D,,/Volumes/HOTDRIVE/뜸들이다/001_촬영본/260111/001_a캠/R#2/A001_A010_0111C6.RDC/A001_A010_0111C6_001.R3D,r3d,r3d_adapter,Start,0.0,0,,0,0.0,10:18:26:07,native_adapter,,success,,
candidate-0035,A001_A010_0111C6_001.R3D,,/Volumes/HOTDRIVE/뜸들이다/001_촬영본/260111/001_a캠/R#2/A001_A010_0111C6.RDC/A001_A010_0111C6_001.R3D,r3d,r3d_adapter,End,1.0,644,,644,26.833333333333332,10:18:53:03 (calculated),calculated,,success,,
candidate-0036,A001_A011_01114Z_001.R3D,,/Volumes/HOTDRIVE/뜸들이다/001_촬영본/260111/001_a캠/R#2/A001_A011_01114Z.RDC/A001_A011_01114Z_001.R3D,r3d,r3d_adapter,Start,0.0,0,,0,0.0,10:20:26:16,native_adapter,,success,,
candidate-0036,A001_A011_01114Z_001.R3D,,/Volumes/HOTDRIVE/뜸들이다/001_촬영본/260111/001_a캠/R#2/A001_A011_01114Z.RDC/A001_A011_01114Z_001.R3D,r3d,r3d_adapter,End,1.0,671,,671,27.958333333333332,10:20:54:15 (calculated),calculated,,success,,
candidate-0037,A001_A012_0111AS_001.R3D,,/Volumes/HOTDRIVE/뜸들이다/001_촬영본/260111/001_a캠/R#2/A001_A012_0111AS.RDC/A001_A012_0111AS_001.R3D,r3d,r3d_adapter,Start,0.0,0,,0,0.0,10:23:04:16,native_adapter,,success,,
candidate-0037,A001_A012_0111AS_001.R3D,,/Volumes/HOTDRIVE/뜸들이다/001_촬영본/260111/001_a캠/R#2/A001_A012_0111AS.RDC/A001_A012_0111AS_001.R3D,r3d,r3d_adapter,End,1.0,631,,631,26.291666666666668,10:23:30:23 (calculated),calculated,,success,,
candidate-0038,A001_A013_0111C4_001.R3D,,/Volumes/HOTDRIVE/뜸들이다/001_촬영본/260111/001_a캠/R#2/A001_A013_0111C4.RDC/A001_A013_0111C4_001.R3D,r3d,r3d_adapter,Start,0.0,0,,0,0.0,10:27:03:01,native_adapter,,success,,
candidate-0038,A001_A013_0111C4_001.R3D,,/Volumes/HOTDRIVE/뜸들이다/001_촬영본/260111/001_a캠/R#2/A001_A013_0111C4.RDC/A001_A013_0111C4_001.R3D,r3d,r3d_adapter,End,1.0,624,,624,26.0,10:27:29:01 (calculated),calculated,,success,,
candidate-0039,A001_A014_0111KO_001.R3D,,/Volumes/HOTDRIVE/뜸들이다/001_촬영본/260111/001_a캠/R#2/A001_A014_0111KO.RDC/A001_A014_0111KO_001.R3D,r3d,r3d_adapter,Start,0.0,0,,0,0.0,10:27:58:00,native_adapter,,success,,
candidate-0039,A001_A014_0111KO_001.R3D,,/Volumes/HOTDRIVE/뜸들이다/001_촬영본/260111/001_a캠/R#2/A001_A014_0111KO.RDC/A001_A014_0111KO_001.R3D,r3d,r3d_adapter,End,1.0,904,,904,37.666666666666664,10:28:35:16 (calculated),calculated,,success,,
candidate-0040,A001_A015_0111II_001.R3D,,/Volumes/HOTDRIVE/뜸들이다/001_촬영본/260111/001_a캠/R#2/A001_A015_0111II.RDC/A001_A015_0111II_001.R3D,r3d,r3d_adapter,Start,0.0,0,,0,0.0,10:28:54:07,native_adapter,,success,,
candidate-0040,A001_A015_0111II_001.R3D,,/Volumes/HOTDRIVE/뜸들이다/001_촬영본/260111/001_a캠/R#2/A001_A015_0111II.RDC/A001_A015_0111II_001.R3D,r3d,r3d_adapter,End,1.0,715,,715,29.791666666666668,10:29:24:02 (calculated),calculated,,success,,
candidate-0041,A001_A016_0111DU_001.R3D,,/Volumes/HOTDRIVE/뜸들이다/001_촬영본/260111/001_a캠/R#2/A001_A016_0111DU.RDC/A001_A016_0111DU_001.R3D,r3d,r3d_adapter,Start,0.0,0,,0,0.0,10:29:54:23,native_adapter,,success,,
candidate-0041,A001_A016_0111DU_001.R3D,,/Volumes/HOTDRIVE/뜸들이다/001_촬영본/260111/001_a캠/R#2/A001_A016_0111DU.RDC/A001_A016_0111DU_001.R3D,r3d,r3d_adapter,End,1.0,639,,639,26.625,10:30:21:14 (calculated),calculated,,success,,
candidate-0042,A001_A017_01115X_001.R3D,A001_A017_01115X,/Volumes/HOTDRIVE/뜸들이다/001_촬영본/260111/001_a캠/R#2/A001_A017_01115X.RDC/A001_A017_01115X_001.R3D,r3d,r3d_adapter,Start,0.0,0,,0,0.0,10:36:39:01,native_adapter,,success,,
candidate-0042,A001_A017_01115X_001.R3D,A001_A017_01115X,/Volumes/HOTDRIVE/뜸들이다/001_촬영본/260111/001_a캠/R#2/A001_A017_01115X.RDC/A001_A017_01115X_001.R3D,r3d,r3d_adapter,End,1.0,1052,,1052,43.833333333333336,10:37:22:21 (calculated),calculated,,success,,
candidate-0043,A001_A018_0111A3_001.R3D,A001_A018_0111A3,/Volumes/HOTDRIVE/뜸들이다/001_촬영본/260111/001_a캠/R#2/A001_A018_0111A3.RDC/A001_A018_0111A3_001.R3D,r3d,r3d_adapter,Start,0.0,0,,0,0.0,10:41:36:11,native_adapter,,success,,
candidate-0043,A001_A018_0111A3_001.R3D,A001_A018_0111A3,/Volumes/HOTDRIVE/뜸들이다/001_촬영본/260111/001_a캠/R#2/A001_A018_0111A3.RDC/A001_A018_0111A3_001.R3D,r3d,r3d_adapter,End,1.0,1114,,1114,46.416666666666664,10:42:22:21 (calculated),calculated,,success,,
candidate-0044,A001_A019_0111PJ_001.R3D,A001_A019_0111PJ,/Volumes/HOTDRIVE/뜸들이다/001_촬영본/260111/001_a캠/R#2/A001_A019_0111PJ.RDC/A001_A019_0111PJ_001.R3D,r3d,r3d_adapter,Start,0.0,0,,0,0.0,10:43:13:04,native_adapter,,success,,
candidate-0044,A001_A019_0111PJ_001.R3D,A001_A019_0111PJ,/Volumes/HOTDRIVE/뜸들이다/001_촬영본/260111/001_a캠/R#2/A001_A019_0111PJ.RDC/A001_A019_0111PJ_001.R3D,r3d,r3d_adapter,End,1.0,1184,,1184,49.333333333333336,10:44:02:12 (calculated),calculated,,success,,
candidate-0045,A001_A020_0111LY_001.R3D,,/Volumes/HOTDRIVE/뜸들이다/001_촬영본/260111/001_a캠/R#2/A001_A020_0111LY.RDC/A001_A020_0111LY_001.R3D,r3d,r3d_adapter,Start,0.0,0,,0,0.0,10:48:08:11,native_adapter,,success,,
candidate-0045,A001_A020_0111LY_001.R3D,,/Volumes/HOTDRIVE/뜸들이다/001_촬영본/260111/001_a캠/R#2/A001_A020_0111LY.RDC/A001_A020_0111LY_001.R3D,r3d,r3d_adapter,End,1.0,564,,564,23.5,10:48:31:23 (calculated),calculated,,success,,
candidate-0046,A001_A021_01114N_001.R3D,,/Volumes/HOTDRIVE/뜸들이다/001_촬영본/260111/001_a캠/R#2/A001_A021_01114N.RDC/A001_A021_01114N_001.R3D,r3d,r3d_adapter,Start,0.0,0,,0,0.0,10:49:13:12,native_adapter,,success,,
candidate-0046,A001_A021_01114N_001.R3D,,/Volumes/HOTDRIVE/뜸들이다/001_촬영본/260111/001_a캠/R#2/A001_A021_01114N.RDC/A001_A021_01114N_001.R3D,r3d,r3d_adapter,End,1.0,643,,643,26.791666666666668,10:49:40:07 (calculated),calculated,,success,,
candidate-0047,A001_A022_0111JY_001.R3D,,/Volumes/HOTDRIVE/뜸들이다/001_촬영본/260111/001_a캠/R#2/A001_A022_0111JY.RDC/A001_A022_0111JY_001.R3D,r3d,r3d_adapter,Start,0.0,0,,0,0.0,10:55:01:02,native_adapter,,success,,
candidate-0047,A001_A022_0111JY_001.R3D,,/Volumes/HOTDRIVE/뜸들이다/001_촬영본/260111/001_a캠/R#2/A001_A022_0111JY.RDC/A001_A022_0111JY_001.R3D,r3d,r3d_adapter,End,1.0,510,,510,21.25,10:55:22:08 (calculated),calculated,,success,,
candidate-0048,A001_A023_0111OV_001.R3D,,/Volumes/HOTDRIVE/뜸들이다/001_촬영본/260111/001_a캠/R#2/A001_A023_0111OV.RDC/A001_A023_0111OV_001.R3D,r3d,r3d_adapter,Start,0.0,0,,0,0.0,10:55:30:18,native_adapter,,success,,
candidate-0048,A001_A023_0111OV_001.R3D,,/Volumes/HOTDRIVE/뜸들이다/001_촬영본/260111/001_a캠/R#2/A001_A023_0111OV.RDC/A001_A023_0111OV_001.R3D,r3d,r3d_adapter,End,1.0,371,,371,15.458333333333334,10:55:46:05 (calculated),calculated,,success,,
candidate-0049,A001_A024_01118N_001.R3D,,/Volumes/HOTDRIVE/뜸들이다/001_촬영본/260111/001_a캠/R#2/A001_A024_01118N.RDC/A001_A024_01118N_001.R3D,r3d,r3d_adapter,Start,0.0,0,,0,0.0,11:06:17:08,native_adapter,,success,,
candidate-0049,A001_A024_01118N_001.R3D,,/Volumes/HOTDRIVE/뜸들이다/001_촬영본/260111/001_a캠/R#2/A001_A024_01118N.RDC/A001_A024_01118N_001.R3D,r3d,r3d_adapter,End,1.0,597,,597,24.875,11:06:42:05 (calculated),calculated,,success,,
candidate-0050,A001_A025_0111PG_001.R3D,,/Volumes/HOTDRIVE/뜸들이다/001_촬영본/260111/001_a캠/R#2/A001_A025_0111PG.RDC/A001_A025_0111PG_001.R3D,r3d,r3d_adapter,Start,0.0,0,,0,0.0,11:06:50:03,native_adapter,,success,,
candidate-0050,A001_A025_0111PG_001.R3D,,/Volumes/HOTDRIVE/뜸들이다/001_촬영본/260111/001_a캠/R#2/A001_A025_0111PG.RDC/A001_A025_0111PG_001.R3D,r3d,r3d_adapter,End,1.0,875,,875,36.458333333333336,11:07:26:14 (calculated),calculated,,success,,
candidate-0051,A001_A026_0111QC_001.R3D,,/Volumes/HOTDRIVE/뜸들이다/001_촬영본/260111/001_a캠/R#2/A001_A026_0111QC.RDC/A001_A026_0111QC_001.R3D,r3d,r3d_adapter,Start,0.0,0,,0,0.0,11:07:58:21,native_adapter,,success,,
candidate-0051,A001_A026_0111QC_001.R3D,,/Volumes/HOTDRIVE/뜸들이다/001_촬영본/260111/001_a캠/R#2/A001_A026_0111QC.RDC/A001_A026_0111QC_001.R3D,r3d,r3d_adapter,End,1.0,580,,580,24.166666666666668,11:08:23:01 (calculated),calculated,,success,,
candidate-0052,A001_A027_0111YO_001.R3D,,/Volumes/HOTDRIVE/뜸들이다/001_촬영본/260111/001_a캠/R#2/A001_A027_0111YO.RDC/A001_A027_0111YO_001.R3D,r3d,r3d_adapter,Start,0.0,0,,0,0.0,11:10:48:23,native_adapter,,success,,
candidate-0052,A001_A027_0111YO_001.R3D,,/Volumes/HOTDRIVE/뜸들이다/001_촬영본/260111/001_a캠/R#2/A001_A027_0111YO.RDC/A001_A027_0111YO_001.R3D,r3d,r3d_adapter,End,1.0,1007,,1007,41.958333333333336,11:11:30:22 (calculated),calculated,,success,,
candidate-0053,A001_A028_0111GI_001.R3D,,/Volumes/HOTDRIVE/뜸들이다/001_촬영본/260111/001_a캠/R#2/A001_A028_0111GI.RDC/A001_A028_0111GI_001.R3D,r3d,r3d_adapter,Start,0.0,0,,0,0.0,11:18:13:22,native_adapter,,success,,
candidate-0053,A001_A028_0111GI_001.R3D,,/Volumes/HOTDRIVE/뜸들이다/001_촬영본/260111/001_a캠/R#2/A001_A028_0111GI.RDC/A001_A028_0111GI_001.R3D,r3d,r3d_adapter,End,1.0,546,,546,22.75,11:18:36:16 (calculated),calculated,,success,,
candidate-0054,A001_A029_011161_001.R3D,,/Volumes/HOTDRIVE/뜸들이다/001_촬영본/260111/001_a캠/R#2/A001_A029_011161.RDC/A001_A029_011161_001.R3D,r3d,r3d_adapter,Start,0.0,0,,0,0.0,11:23:34:15,native_adapter,,success,,
candidate-0054,A001_A029_011161_001.R3D,,/Volumes/HOTDRIVE/뜸들이다/001_촬영본/260111/001_a캠/R#2/A001_A029_011161.RDC/A001_A029_011161_001.R3D,r3d,r3d_adapter,End,1.0,541,,541,22.541666666666668,11:23:57:04 (calculated),calculated,,success,,
candidate-0055,A001_A030_0111IY_001.R3D,,/Volumes/HOTDRIVE/뜸들이다/001_촬영본/260111/001_a캠/R#2/A001_A030_0111IY.RDC/A001_A030_0111IY_001.R3D,r3d,r3d_adapter,Start,0.0,0,,0,0.0,11:24:16:23,native_adapter,,success,,
candidate-0055,A001_A030_0111IY_001.R3D,,/Volumes/HOTDRIVE/뜸들이다/001_촬영본/260111/001_a캠/R#2/A001_A030_0111IY.RDC/A001_A030_0111IY_001.R3D,r3d,r3d_adapter,End,1.0,625,,625,26.041666666666668,11:24:43:00 (calculated),calculated,,success,,
candidate-0056,A001_A031_0111UI_001.R3D,A001_A031_0111UI,/Volumes/HOTDRIVE/뜸들이다/001_촬영본/260111/001_a캠/R#2/A001_A031_0111UI.RDC/A001_A031_0111UI_001.R3D,r3d,r3d_adapter,Start,0.0,0,,0,0.0,11:34:03:10,native_adapter,,success,,
candidate-0056,A001_A031_0111UI_001.R3D,A001_A031_0111UI,/Volumes/HOTDRIVE/뜸들이다/001_촬영본/260111/001_a캠/R#2/A001_A031_0111UI.RDC/A001_A031_0111UI_001.R3D,r3d,r3d_adapter,End,1.0,937,,937,39.041666666666664,11:34:42:11 (calculated),calculated,,success,,
candidate-0057,A001_A032_0111BK_001.R3D,A001_A032_0111BK,/Volumes/HOTDRIVE/뜸들이다/001_촬영본/260111/001_a캠/R#2/A001_A032_0111BK.RDC/A001_A032_0111BK_001.R3D,r3d,r3d_adapter,Start,0.0,0,,0,0.0,11:35:38:02,native_adapter,,success,,
candidate-0057,A001_A032_0111BK_001.R3D,A001_A032_0111BK,/Volumes/HOTDRIVE/뜸들이다/001_촬영본/260111/001_a캠/R#2/A001_A032_0111BK.RDC/A001_A032_0111BK_001.R3D,r3d,r3d_adapter,End,1.0,1208,,1208,50.333333333333336,11:36:28:10 (calculated),calculated,,success,,
candidate-0058,A001_A033_0111FG_001.R3D,A001_A033_0111FG,/Volumes/HOTDRIVE/뜸들이다/001_촬영본/260111/001_a캠/R#2/A001_A033_0111FG.RDC/A001_A033_0111FG_001.R3D,r3d,r3d_adapter,Start,0.0,0,,0,0.0,11:37:15:03,native_adapter,,success,,
candidate-0058,A001_A033_0111FG_001.R3D,A001_A033_0111FG,/Volumes/HOTDRIVE/뜸들이다/001_촬영본/260111/001_a캠/R#2/A001_A033_0111FG.RDC/A001_A033_0111FG_001.R3D,r3d,r3d_adapter,End,1.0,476,,476,19.833333333333332,11:37:34:23 (calculated),calculated,,success,,
candidate-0059,A001_A034_0111W0_001.R3D,A001_A034_0111W0,/Volumes/HOTDRIVE/뜸들이다/001_촬영본/260111/001_a캠/R#2/A001_A034_0111W0.RDC/A001_A034_0111W0_001.R3D,r3d,r3d_adapter,Start,0.0,0,,0,0.0,11:37:40:18,native_adapter,,success,,
candidate-0059,A001_A034_0111W0_001.R3D,A001_A034_0111W0,/Volumes/HOTDRIVE/뜸들이다/001_촬영본/260111/001_a캠/R#2/A001_A034_0111W0.RDC/A001_A034_0111W0_001.R3D,r3d,r3d_adapter,End,1.0,739,,739,30.791666666666668,11:38:11:13 (calculated),calculated,,success,,
candidate-0060,A001_A035_0111UG_001.R3D,,/Volumes/HOTDRIVE/뜸들이다/001_촬영본/260111/001_a캠/R#2/A001_A035_0111UG.RDC/A001_A035_0111UG_001.R3D,r3d,r3d_adapter,Start,0.0,0,,0,0.0,11:45:30:10,native_adapter,,success,,
candidate-0060,A001_A035_0111UG_001.R3D,,/Volumes/HOTDRIVE/뜸들이다/001_촬영본/260111/001_a캠/R#2/A001_A035_0111UG.RDC/A001_A035_0111UG_001.R3D,r3d,r3d_adapter,End,1.0,612,,612,25.5,11:45:55:22 (calculated),calculated,,success,,
candidate-0061,A001_A036_0111S9_001.R3D,,/Volumes/HOTDRIVE/뜸들이다/001_촬영본/260111/001_a캠/R#2/A001_A036_0111S9.RDC/A001_A036_0111S9_001.R3D,r3d,r3d_adapter,Start,0.0,0,,0,0.0,11:46:17:22,native_adapter,,success,,
candidate-0061,A001_A036_0111S9_001.R3D,,/Volumes/HOTDRIVE/뜸들이다/001_촬영본/260111/001_a캠/R#2/A001_A036_0111S9.RDC/A001_A036_0111S9_001.R3D,r3d,r3d_adapter,End,1.0,686,,686,28.583333333333332,11:46:46:12 (calculated),calculated,,success,,
candidate-0062,A001_A037_0111OA_001.R3D,A001_A037_0111OA,/Volumes/HOTDRIVE/뜸들이다/001_촬영본/260111/001_a캠/R#2/A001_A037_0111OA.RDC/A001_A037_0111OA_001.R3D,r3d,r3d_adapter,Start,0.0,0,,0,0.0,11:50:50:06,native_adapter,,success,,
candidate-0062,A001_A037_0111OA_001.R3D,A001_A037_0111OA,/Volumes/HOTDRIVE/뜸들이다/001_촬영본/260111/001_a캠/R#2/A001_A037_0111OA.RDC/A001_A037_0111OA_001.R3D,r3d,r3d_adapter,End,1.0,1045,,1045,43.541666666666664,11:51:33:19 (calculated),calculated,,success,,
candidate-0063,A001_A038_0111BR_001.R3D,A001_A038_0111BR,/Volumes/HOTDRIVE/뜸들이다/001_촬영본/260111/001_a캠/R#2/A001_A038_0111BR.RDC/A001_A038_0111BR_001.R3D,r3d,r3d_adapter,Start,0.0,0,,0,0.0,11:52:39:11,native_adapter,,success,,
candidate-0063,A001_A038_0111BR_001.R3D,A001_A038_0111BR,/Volumes/HOTDRIVE/뜸들이다/001_촬영본/260111/001_a캠/R#2/A001_A038_0111BR.RDC/A001_A038_0111BR_001.R3D,r3d,r3d_adapter,End,1.0,1053,,1053,43.875,11:53:23:08 (calculated),calculated,,success,,
candidate-0064,A001_A039_0111N2_001.R3D,,/Volumes/HOTDRIVE/뜸들이다/001_촬영본/260111/001_a캠/R#2/A001_A039_0111N2.RDC/A001_A039_0111N2_001.R3D,r3d,r3d_adapter,Start,0.0,0,,0,0.0,12:09:26:04,native_adapter,,success,,
candidate-0064,A001_A039_0111N2_001.R3D,,/Volumes/HOTDRIVE/뜸들이다/001_촬영본/260111/001_a캠/R#2/A001_A039_0111N2.RDC/A001_A039_0111N2_001.R3D,r3d,r3d_adapter,End,1.0,471,,471,19.625,12:09:45:19 (calculated),calculated,,success,,
candidate-0065,A001_A040_01112B_001.R3D,,/Volumes/HOTDRIVE/뜸들이다/001_촬영본/260111/001_a캠/R#2/A001_A040_01112B.RDC/A001_A040_01112B_001.R3D,r3d,r3d_adapter,Start,0.0,0,,0,0.0,12:10:10:12,native_adapter,,success,,
candidate-0065,A001_A040_01112B_001.R3D,,/Volumes/HOTDRIVE/뜸들이다/001_촬영본/260111/001_a캠/R#2/A001_A040_01112B.RDC/A001_A040_01112B_001.R3D,r3d,r3d_adapter,End,1.0,556,,556,23.166666666666668,12:10:33:16 (calculated),calculated,,success,,
candidate-0066,A001_A041_011176_001.R3D,,/Volumes/HOTDRIVE/뜸들이다/001_촬영본/260111/001_a캠/R#2/A001_A041_011176.RDC/A001_A041_011176_001.R3D,r3d,r3d_adapter,Start,0.0,0,,0,0.0,12:12:12:01,native_adapter,,success,,
candidate-0066,A001_A041_011176_001.R3D,,/Volumes/HOTDRIVE/뜸들이다/001_촬영본/260111/001_a캠/R#2/A001_A041_011176.RDC/A001_A041_011176_001.R3D,r3d,r3d_adapter,End,1.0,855,,855,35.625,12:12:47:16 (calculated),calculated,,success,,
candidate-0067,A001_A042_0111LE_001.R3D,,/Volumes/HOTDRIVE/뜸들이다/001_촬영본/260111/001_a캠/R#2/A001_A042_0111LE.RDC/A001_A042_0111LE_001.R3D,r3d,r3d_adapter,Start,0.0,0,,0,0.0,12:13:15:02,native_adapter,,success,,
candidate-0067,A001_A042_0111LE_001.R3D,,/Volumes/HOTDRIVE/뜸들이다/001_촬영본/260111/001_a캠/R#2/A001_A042_0111LE.RDC/A001_A042_0111LE_001.R3D,r3d,r3d_adapter,End,1.0,996,,996,41.5,12:13:56:14 (calculated),calculated,,success,,
candidate-0068,A001_A043_0111B0_001.R3D,,/Volumes/HOTDRIVE/뜸들이다/001_촬영본/260111/001_a캠/R#2/A001_A043_0111B0.RDC/A001_A043_0111B0_001.R3D,r3d,r3d_adapter,Start,0.0,0,,0,0.0,12:17:33:00,native_adapter,,success,,
candidate-0068,A001_A043_0111B0_001.R3D,,/Volumes/HOTDRIVE/뜸들이다/001_촬영본/260111/001_a캠/R#2/A001_A043_0111B0.RDC/A001_A043_0111B0_001.R3D,r3d,r3d_adapter,End,1.0,634,,634,26.416666666666668,12:17:59:10 (calculated),calculated,,success,,
candidate-0069,A001_A044_0111QF_001.R3D,,/Volumes/HOTDRIVE/뜸들이다/001_촬영본/260111/001_a캠/R#2/A001_A044_0111QF.RDC/A001_A044_0111QF_001.R3D,r3d,r3d_adapter,Start,0.0,0,,0,0.0,12:18:31:16,native_adapter,,success,,
candidate-0069,A001_A044_0111QF_001.R3D,,/Volumes/HOTDRIVE/뜸들이다/001_촬영본/260111/001_a캠/R#2/A001_A044_0111QF.RDC/A001_A044_0111QF_001.R3D,r3d,r3d_adapter,End,1.0,600,,600,25.0,12:18:56:16 (calculated),calculated,,success,,
candidate-0070,A001_A045_01113E_001.R3D,,/Volumes/HOTDRIVE/뜸들이다/001_촬영본/260111/001_a캠/R#2/A001_A045_01113E.RDC/A001_A045_01113E_001.R3D,r3d,r3d_adapter,Start,0.0,0,,0,0.0,12:19:17:01,native_adapter,,success,,
candidate-0070,A001_A045_01113E_001.R3D,,/Volumes/HOTDRIVE/뜸들이다/001_촬영본/260111/001_a캠/R#2/A001_A045_01113E.RDC/A001_A045_01113E_001.R3D,r3d,r3d_adapter,End,1.0,1007,,1007,41.958333333333336,12:19:59:00 (calculated),calculated,,success,,
candidate-0071,A001_A046_0111YN_001.R3D,,/Volumes/HOTDRIVE/뜸들이다/001_촬영본/260111/001_a캠/R#2/A001_A046_0111YN.RDC/A001_A046_0111YN_001.R3D,r3d,r3d_adapter,Start,0.0,0,,0,0.0,12:24:11:12,native_adapter,,success,,
candidate-0071,A001_A046_0111YN_001.R3D,,/Volumes/HOTDRIVE/뜸들이다/001_촬영본/260111/001_a캠/R#2/A001_A046_0111YN.RDC/A001_A046_0111YN_001.R3D,r3d,r3d_adapter,End,1.0,511,,511,21.291666666666668,12:24:32:19 (calculated),calculated,,success,,
candidate-0072,A001_A047_01116H_001.R3D,,/Volumes/HOTDRIVE/뜸들이다/001_촬영본/260111/001_a캠/R#2/A001_A047_01116H.RDC/A001_A047_01116H_001.R3D,r3d,r3d_adapter,Start,0.0,0,,0,0.0,12:28:21:12,native_adapter,,success,,
candidate-0072,A001_A047_01116H_001.R3D,,/Volumes/HOTDRIVE/뜸들이다/001_촬영본/260111/001_a캠/R#2/A001_A047_01116H.RDC/A001_A047_01116H_001.R3D,r3d,r3d_adapter,End,1.0,525,,525,21.875,12:28:43:09 (calculated),calculated,,success,,
candidate-0073,A001_A048_01112M_001.R3D,,/Volumes/HOTDRIVE/뜸들이다/001_촬영본/260111/001_a캠/R#2/A001_A048_01112M.RDC/A001_A048_01112M_001.R3D,r3d,r3d_adapter,Start,0.0,0,,0,0.0,12:30:11:23,native_adapter,,success,,
candidate-0073,A001_A048_01112M_001.R3D,,/Volumes/HOTDRIVE/뜸들이다/001_촬영본/260111/001_a캠/R#2/A001_A048_01112M.RDC/A001_A048_01112M_001.R3D,r3d,r3d_adapter,End,1.0,4,,4,0.16666666666666666,12:30:12:03 (calculated),calculated,,success,,
candidate-0074,A001_A049_0111SU_001.R3D,,/Volumes/HOTDRIVE/뜸들이다/001_촬영본/260111/001_a캠/R#2/A001_A049_0111SU.RDC/A001_A049_0111SU_001.R3D,r3d,r3d_adapter,Start,0.0,0,,0,0.0,12:33:18:14,native_adapter,,success,,
candidate-0074,A001_A049_0111SU_001.R3D,,/Volumes/HOTDRIVE/뜸들이다/001_촬영본/260111/001_a캠/R#2/A001_A049_0111SU.RDC/A001_A049_0111SU_001.R3D,r3d,r3d_adapter,End,1.0,790,,790,32.916666666666664,12:33:51:12 (calculated),calculated,,success,,
candidate-0075,A001_A050_0111J8_001.R3D,,/Volumes/HOTDRIVE/뜸들이다/001_촬영본/260111/001_a캠/R#2/A001_A050_0111J8.RDC/A001_A050_0111J8_001.R3D,r3d,r3d_adapter,Start,0.0,0,,0,0.0,12:57:38:09,native_adapter,,success,,
candidate-0075,A001_A050_0111J8_001.R3D,,/Volumes/HOTDRIVE/뜸들이다/001_촬영본/260111/001_a캠/R#2/A001_A050_0111J8.RDC/A001_A050_0111J8_001.R3D,r3d,r3d_adapter,End,1.0,881,,881,36.708333333333336,12:58:15:02 (calculated),calculated,,success,,
candidate-0076,A001_A051_0111HK_001.R3D,A001_A051_0111HK,/Volumes/HOTDRIVE/뜸들이다/001_촬영본/260111/001_a캠/R#2/A001_A051_0111HK.RDC/A001_A051_0111HK_001.R3D,r3d,r3d_adapter,Start,0.0,0,,0,0.0,12:58:34:01,native_adapter,,success,,
candidate-0076,A001_A051_0111HK_001.R3D,A001_A051_0111HK,/Volumes/HOTDRIVE/뜸들이다/001_촬영본/260111/001_a캠/R#2/A001_A051_0111HK.RDC/A001_A051_0111HK_001.R3D,r3d,r3d_adapter,End,1.0,1370,,1370,57.083333333333336,12:59:31:03 (calculated),calculated,,success,,
candidate-0077,A001_A052_0111UO_001.R3D,,/Volumes/HOTDRIVE/뜸들이다/001_촬영본/260111/001_a캠/R#2/A001_A052_0111UO.RDC/A001_A052_0111UO_001.R3D,r3d,r3d_adapter,Start,0.0,0,,0,0.0,13:05:04:16,native_adapter,,success,,
candidate-0077,A001_A052_0111UO_001.R3D,,/Volumes/HOTDRIVE/뜸들이다/001_촬영본/260111/001_a캠/R#2/A001_A052_0111UO.RDC/A001_A052_0111UO_001.R3D,r3d,r3d_adapter,End,1.0,891,,891,37.125,13:05:41:19 (calculated),calculated,,success,,
candidate-0078,A001_A053_0111PK_001.R3D,,/Volumes/HOTDRIVE/뜸들이다/001_촬영본/260111/001_a캠/R#2/A001_A053_0111PK.RDC/A001_A053_0111PK_001.R3D,r3d,r3d_adapter,Start,0.0,0,,0,0.0,13:06:13:05,native_adapter,,success,,
candidate-0078,A001_A053_0111PK_001.R3D,,/Volumes/HOTDRIVE/뜸들이다/001_촬영본/260111/001_a캠/R#2/A001_A053_0111PK.RDC/A001_A053_0111PK_001.R3D,r3d,r3d_adapter,End,1.0,984,,984,41.0,13:06:54:05 (calculated),calculated,,success,,
candidate-0079,A001_A054_0111DX_001.R3D,,/Volumes/HOTDRIVE/뜸들이다/001_촬영본/260111/001_a캠/R#2/A001_A054_0111DX.RDC/A001_A054_0111DX_001.R3D,r3d,r3d_adapter,Start,0.0,0,,0,0.0,13:09:48:06,native_adapter,,success,,
candidate-0079,A001_A054_0111DX_001.R3D,,/Volumes/HOTDRIVE/뜸들이다/001_촬영본/260111/001_a캠/R#2/A001_A054_0111DX.RDC/A001_A054_0111DX_001.R3D,r3d,r3d_adapter,End,1.0,694,,694,28.916666666666668,13:10:17:04 (calculated),calculated,,success,,
candidate-0080,A001_A055_01115J_001.R3D,,/Volumes/HOTDRIVE/뜸들이다/001_촬영본/260111/001_a캠/R#2/A001_A055_01115J.RDC/A001_A055_01115J_001.R3D,r3d,r3d_adapter,Start,0.0,0,,0,0.0,13:10:41:04,native_adapter,,success,,
candidate-0080,A001_A055_01115J_001.R3D,,/Volumes/HOTDRIVE/뜸들이다/001_촬영본/260111/001_a캠/R#2/A001_A055_01115J.RDC/A001_A055_01115J_001.R3D,r3d,r3d_adapter,End,1.0,721,,721,30.041666666666668,13:11:11:05 (calculated),calculated,,success,,
candidate-0081,A001_A056_0111SG_001.R3D,,/Volumes/HOTDRIVE/뜸들이다/001_촬영본/260111/001_a캠/R#2/A001_A056_0111SG.RDC/A001_A056_0111SG_001.R3D,r3d,r3d_adapter,Start,0.0,0,,0,0.0,13:15:02:21,native_adapter,,success,,
candidate-0081,A001_A056_0111SG_001.R3D,,/Volumes/HOTDRIVE/뜸들이다/001_촬영본/260111/001_a캠/R#2/A001_A056_0111SG.RDC/A001_A056_0111SG_001.R3D,r3d,r3d_adapter,End,1.0,481,,481,20.041666666666668,13:15:22:22 (calculated),calculated,,success,,
candidate-0082,A001_A057_0111TC_001.R3D,,/Volumes/HOTDRIVE/뜸들이다/001_촬영본/260111/001_a캠/R#2/A001_A057_0111TC.RDC/A001_A057_0111TC_001.R3D,r3d,r3d_adapter,Start,0.0,0,,0,0.0,13:16:04:03,native_adapter,,success,,
candidate-0082,A001_A057_0111TC_001.R3D,,/Volumes/HOTDRIVE/뜸들이다/001_촬영본/260111/001_a캠/R#2/A001_A057_0111TC.RDC/A001_A057_0111TC_001.R3D,r3d,r3d_adapter,End,1.0,606,,606,25.25,13:16:29:09 (calculated),calculated,,success,,
candidate-0083,A001_A058_0111X4_001.R3D,,/Volumes/HOTDRIVE/뜸들이다/001_촬영본/260111/001_a캠/R#2/A001_A058_0111X4.RDC/A001_A058_0111X4_001.R3D,r3d,r3d_adapter,Start,0.0,0,,0,0.0,13:16:57:18,native_adapter,,success,,
candidate-0083,A001_A058_0111X4_001.R3D,,/Volumes/HOTDRIVE/뜸들이다/001_촬영본/260111/001_a캠/R#2/A001_A058_0111X4.RDC/A001_A058_0111X4_001.R3D,r3d,r3d_adapter,End,1.0,549,,549,22.875,13:17:20:15 (calculated),calculated,,success,,
candidate-0084,A001_A059_0111YV_001.R3D,,/Volumes/HOTDRIVE/뜸들이다/001_촬영본/260111/001_a캠/R#2/A001_A059_0111YV.RDC/A001_A059_0111YV_001.R3D,r3d,r3d_adapter,Start,0.0,0,,0,0.0,13:25:22:04,native_adapter,,success,,
candidate-0084,A001_A059_0111YV_001.R3D,,/Volumes/HOTDRIVE/뜸들이다/001_촬영본/260111/001_a캠/R#2/A001_A059_0111YV.RDC/A001_A059_0111YV_001.R3D,r3d,r3d_adapter,End,1.0,750,,750,31.25,13:25:53:10 (calculated),calculated,,success,,
candidate-0085,A001_A060_01118F_001.R3D,,/Volumes/HOTDRIVE/뜸들이다/001_촬영본/260111/001_a캠/R#2/A001_A060_01118F.RDC/A001_A060_01118F_001.R3D,r3d,r3d_adapter,Start,0.0,0,,0,0.0,13:26:06:02,native_adapter,,success,,
candidate-0085,A001_A060_01118F_001.R3D,,/Volumes/HOTDRIVE/뜸들이다/001_촬영본/260111/001_a캠/R#2/A001_A060_01118F.RDC/A001_A060_01118F_001.R3D,r3d,r3d_adapter,End,1.0,531,,531,22.125,13:26:28:05 (calculated),calculated,,success,,
candidate-0086,A001_A061_011156_001.R3D,,/Volumes/HOTDRIVE/뜸들이다/001_촬영본/260111/001_a캠/R#2/A001_A061_011156.RDC/A001_A061_011156_001.R3D,r3d,r3d_adapter,Start,0.0,0,,0,0.0,13:26:56:18,native_adapter,,success,,
candidate-0086,A001_A061_011156_001.R3D,,/Volumes/HOTDRIVE/뜸들이다/001_촬영본/260111/001_a캠/R#2/A001_A061_011156.RDC/A001_A061_011156_001.R3D,r3d,r3d_adapter,End,1.0,669,,669,27.875,13:27:24:15 (calculated),calculated,,success,,
candidate-0087,A001_A062_0111SZ_001.R3D,,/Volumes/HOTDRIVE/뜸들이다/001_촬영본/260111/001_a캠/R#2/A001_A062_0111SZ.RDC/A001_A062_0111SZ_001.R3D,r3d,r3d_adapter,Start,0.0,0,,0,0.0,13:27:51:00,native_adapter,,success,,
candidate-0087,A001_A062_0111SZ_001.R3D,,/Volumes/HOTDRIVE/뜸들이다/001_촬영본/260111/001_a캠/R#2/A001_A062_0111SZ.RDC/A001_A062_0111SZ_001.R3D,r3d,r3d_adapter,End,1.0,786,,786,32.75,13:28:23:18 (calculated),calculated,,success,,
candidate-0088,A001_A063_0111MU_001.R3D,,/Volumes/HOTDRIVE/뜸들이다/001_촬영본/260111/001_a캠/R#2/A001_A063_0111MU.RDC/A001_A063_0111MU_001.R3D,r3d,r3d_adapter,Start,0.0,0,,0,0.0,13:34:26:17,native_adapter,,success,,
candidate-0088,A001_A063_0111MU_001.R3D,,/Volumes/HOTDRIVE/뜸들이다/001_촬영본/260111/001_a캠/R#2/A001_A063_0111MU.RDC/A001_A063_0111MU_001.R3D,r3d,r3d_adapter,End,1.0,583,,583,24.291666666666668,13:34:51:00 (calculated),calculated,,success,,
candidate-0089,A001_A064_0111EH_001.R3D,,/Volumes/HOTDRIVE/뜸들이다/001_촬영본/260111/001_a캠/R#2/A001_A064_0111EH.RDC/A001_A064_0111EH_001.R3D,r3d,r3d_adapter,Start,0.0,0,,0,0.0,13:41:25:20,native_adapter,,success,,
candidate-0089,A001_A064_0111EH_001.R3D,,/Volumes/HOTDRIVE/뜸들이다/001_촬영본/260111/001_a캠/R#2/A001_A064_0111EH.RDC/A001_A064_0111EH_001.R3D,r3d,r3d_adapter,End,1.0,885,,885,36.875,13:42:02:17 (calculated),calculated,,success,,
candidate-0090,A001_A065_0111DK_001.R3D,,/Volumes/HOTDRIVE/뜸들이다/001_촬영본/260111/001_a캠/R#2/A001_A065_0111DK.RDC/A001_A065_0111DK_001.R3D,r3d,r3d_adapter,Start,0.0,0,,0,0.0,13:42:46:10,native_adapter,,success,,
candidate-0090,A001_A065_0111DK_001.R3D,,/Volumes/HOTDRIVE/뜸들이다/001_촬영본/260111/001_a캠/R#2/A001_A065_0111DK.RDC/A001_A065_0111DK_001.R3D,r3d,r3d_adapter,End,1.0,481,,481,20.041666666666668,13:43:06:11 (calculated),calculated,,success,,
